,sentence,aspect,ground_truth,predict_label,result
0,"aspect_term is super fast, around anywhere from 35 seconds to 1 minute.",Boot time,positive,positive,True
1,aspect_term would not fix the problem unless I bought your plan for $150 plus.,tech support,negative,negative,True
2,aspect_term was easy.,Set up,positive,positive,True
3,Did not enjoy the new aspect_term and aspect_term.,Windows 8,negative,negative,True
4,Did not enjoy the new aspect_term and aspect_term.,touchscreen functions,negative,negative,True
5,"Other than not being a fan of aspect_term (industry standard these days) and the lousy aspect_term, it's hard for me to find things about this notebook I don't like, especially considering the $350 aspect_term.",click pads,negative,positive,False
6,"Other than not being a fan of aspect_term (industry standard these days) and the lousy aspect_term, it's hard for me to find things about this notebook I don't like, especially considering the $350 aspect_term.",internal speakers,negative,negative,True
7,"Other than not being a fan of aspect_term (industry standard these days) and the lousy aspect_term, it's hard for me to find things about this notebook I don't like, especially considering the $350 aspect_term.",price tag,positive,negative,False
8,No aspect_term is included.,installation disk (DVD),neutral,negative,False
9,"It's fast, light, and simple to aspect_term.",use,positive,positive,True
10,"aspect_term well, and I am extremely happy to be back to an aspect_term.",Works,positive,neutral,False
11,"aspect_term well, and I am extremely happy to be back to an aspect_term.",apple OS,positive,neutral,False
12,Sure it's not light and slim but the aspect_term make up for it 100%.,features,positive,positive,True
13,"I am pleased with the fast aspect_term, speedy aspect_term and the long aspect_term (>6 hrs).",log on,positive,positive,True
14,"I am pleased with the fast aspect_term, speedy aspect_term and the long aspect_term (>6 hrs).",WiFi connection,positive,positive,True
15,"I am pleased with the fast aspect_term, speedy aspect_term and the long aspect_term (>6 hrs).",battery life,positive,positive,True
16,The Apple engineers have not yet discovered the aspect_term.,delete key,negative,negative,True
17,Made aspect_term (part of my business) very difficult to maintain.,interneting,negative,neutral,False
18,"Luckily, for all of us contemplating the decision, the Mac Mini is aspect_term just right.",priced,positive,positive,True
19,"Super light, super sexy and everything just aspect_term.",works,positive,positive,True
20,"Only problem that I had was that the aspect_term was not very good for me, I only had a problem once or twice with it, But probably my computer was a bit defective.",track pad,negative,negative,True
21,It is super fast and has outstanding aspect_term.,graphics,positive,positive,True
22,But the aspect_term is just too slow.,mountain lion,negative,negative,True
23,Strong aspect_term though which really adds to its aspect_term.,build,positive,positive,True
24,Strong aspect_term though which really adds to its aspect_term.,durability,positive,positive,True
25,The aspect_term is excellent- 6-7 hours without charging.,battery life,positive,negative,False
26,I've had my computer for 2 weeks already and it aspect_term perfectly.,works,positive,positive,True
27,And I may be the only one but I am really liking aspect_term.,Windows 8,positive,positive,True
28,The aspect_term is very longer.,baterry,positive,positive,True
29,Its aspect_term is ideal and the aspect_term is acceptable.,size,positive,positive,True
30,Its aspect_term is ideal and the aspect_term is acceptable.,weight,positive,positive,True
31,I can say that I am fully satisfied with the aspect_term that the computer has supplied.,performance,positive,negative,False
32,"This laptop has only 2 aspect_term, and they are both on the same side.",USB ports,negative,neutral,False
33,It has so much more aspect_term and the aspect_term is very sharp.,speed,positive,positive,True
34,It has so much more aspect_term and the aspect_term is very sharp.,screen,positive,positive,True
35,Everything I wanted and everything I needed and the aspect_term was great!,price,positive,positive,True
36,It's not inexpensive but the aspect_term is impressive for a computer this small.,Hardware performance,positive,positive,True
37,"This thing is awesome, everything always aspect_term, everything is always easy to aspect_term, everything is compatible, its literally everything I could ask for.",works,positive,positive,True
38,"This thing is awesome, everything always aspect_term, everything is always easy to aspect_term, everything is compatible, its literally everything I could ask for.",set up,positive,positive,True
39,aspect_term responds well to presses.,Keyboard,positive,neutral,False
40,"Lastly, aspect_term is annoying.",Windows 8,negative,negative,True
41,Everything is so easy and intuitive to aspect_term or aspect_term.,setup,positive,neutral,False
42,Everything is so easy and intuitive to aspect_term or aspect_term.,configure,positive,neutral,False
43,Biggest complaint is aspect_term .,Windows 8,negative,negative,True
44,Only 2 aspect_term...seems kind of...limited.,usb ports,negative,negative,True
45,It has all the expected aspect_term and more +plus a wide aspect_term and more than roomy aspect_term.,features,positive,positive,True
46,It has all the expected aspect_term and more +plus a wide aspect_term and more than roomy aspect_term.,screen,positive,positive,True
47,It has all the expected aspect_term and more +plus a wide aspect_term and more than roomy aspect_term.,keyboard,positive,positive,True
48,Amazing aspect_term for anything I throw at it.,Performance,positive,positive,True
49,The receiver was full of superlatives for the aspect_term and aspect_term.,quality,positive,positive,True
50,The receiver was full of superlatives for the aspect_term and aspect_term.,performance,positive,positive,True
51,I was extremely happy with the aspect_term itself.,OS,positive,positive,True
52,The new MBP offers great aspect_term and gives us confidence that we are not going to need to purchase a new laptop in 18 months.,portability,positive,positive,True
53,"The criticism has waned, and now I'd be the first to recommend an Air for truly aspect_term.",portable computing,positive,negative,False
54,I would have given it 5 starts was it not for the fact that it had aspect_term,Windows 8,negative,negative,True
55,"aspect_term is wonderful, well worth it.",MS Office 2011 for Mac,positive,positive,True
56,But the aspect_term of Mac Mini is a huge disappointment.,performance,negative,negative,True
57,They don't just aspect_term good; they deliver excellent aspect_term.,look,positive,positive,True
58,They don't just aspect_term good; they deliver excellent aspect_term.,performance,positive,positive,True
59,I have had it over a year now with out a Glitch of any kind..I love the aspect_term and aspect_term...this thing is Fast and clear as can be.,lit up keys,positive,positive,True
60,I have had it over a year now with out a Glitch of any kind..I love the aspect_term and aspect_term...this thing is Fast and clear as can be.,screen display,positive,positive,True
61,The aspect_term is not hard to figure out if you are familiar with aspect_term.,Mountain Lion OS,positive,negative,False
62,The aspect_term is not hard to figure out if you are familiar with aspect_term.,Microsoft Windows,neutral,neutral,True
63,"However, I can refute that aspect_term is ""FAST"".",OSX,negative,positive,False
64,Enjoy using aspect_term!,Microsoft Office,positive,positive,True
65,Incredible aspect_term and brilliant aspect_term.,graphics,positive,positive,True
66,Incredible aspect_term and brilliant aspect_term.,colors,positive,positive,True
67,aspect_term are purely amazing.,Built-in apps,positive,positive,True
68,Cons: aspect_term.,Screen resolution,negative,neutral,False
69,From the aspect_term to the aspect_term this aspect_term beats aspect_term easily.,speed,positive,positive,True
70,From the aspect_term to the aspect_term this aspect_term beats aspect_term easily.,multi touch gestures,positive,positive,True
71,From the aspect_term to the aspect_term this aspect_term beats aspect_term easily.,operating system,positive,positive,True
72,From the aspect_term to the aspect_term this aspect_term beats aspect_term easily.,Windows,negative,positive,False
73,I really like the aspect_term and I'm a fan of the ACERS.,size,positive,positive,True
74,"I opted for the aspect_term ($1500-2000) which also support ""accidents"" like drops and spills that are NOT covered by aspect_term.",SquareTrade 3-Year Computer Accidental Protection Warranty,positive,positive,True
75,"I opted for the aspect_term ($1500-2000) which also support ""accidents"" like drops and spills that are NOT covered by aspect_term.",AppleCare,negative,positive,False
76,It's light and easy to aspect_term.,transport,positive,positive,True
77,Once you get past learning how to use the poorly designed aspect_term you may feel frustrated.,Windows 8 Set-Up,negative,negative,True
78,"It's been time for a new laptop, and the only debate was which aspect_term of the Mac laptops, and whether to spring for the aspect_term.",size,neutral,neutral,True
79,"It's been time for a new laptop, and the only debate was which aspect_term of the Mac laptops, and whether to spring for the aspect_term.",retina display,neutral,neutral,True
80,The reason why I choose apple MacBook because of their aspect_term and the aspect_term.,design,positive,positive,True
81,The reason why I choose apple MacBook because of their aspect_term and the aspect_term.,aluminum casing,positive,positive,True
82,The aspect_term sure makes it stand out.,aluminum body,positive,positive,True
83,"It is very easy to aspect_term, and aspect_term are recognized almost instantly.",integrate bluetooth devices,positive,positive,True
84,"It is very easy to aspect_term, and aspect_term are recognized almost instantly.",USB devices,positive,positive,True
85,"And the fact that Apple is driving the 13"" RMBP with the aspect_term seems underpowered (to me.",Intel4000 graphic chip,negative,positive,False
86,Apple removed the aspect_term (will work with aspect_term) and put the aspect_term in a silly position on the back.,DVD drive Firewire port,neutral,neutral,True
87,Apple removed the aspect_term (will work with aspect_term) and put the aspect_term in a silly position on the back.,adapter,neutral,neutral,True
88,Apple removed the aspect_term (will work with aspect_term) and put the aspect_term in a silly position on the back.,SDXC slot,negative,neutral,False
89,The aspect_term of the laptop will make it worth the money.,durability,positive,positive,True
90,Well aspect_term and fast.,designed,positive,positive,True
91,"But I was completely wrong, this computer is UNBELIEVABLE amazing and easy to aspect_term.",use,positive,positive,True
92,Exactly as posted plus a great aspect_term.,value,positive,positive,True
93,The aspect_term are pretty good too.,specs,positive,positive,True
94,"Apple is unmatched in aspect_term,aspect_term,aspect_term, and aspect_term.",product quality,positive,positive,True
95,"Apple is unmatched in aspect_term,aspect_term,aspect_term, and aspect_term.",aesthetics,positive,positive,True
96,"Apple is unmatched in aspect_term,aspect_term,aspect_term, and aspect_term.",craftmanship,positive,positive,True
97,"Apple is unmatched in aspect_term,aspect_term,aspect_term, and aspect_term.",customer service,positive,positive,True
98,It is a great aspect_term and amazing aspect_term included!,size,positive,positive,True
99,It is a great aspect_term and amazing aspect_term included!,windows 8,positive,positive,True
100,I do not like too much aspect_term.,Windows 8,negative,negative,True
101,aspect_term are incredibly long: over two minutes.,Startup times,negative,negative,True
102,Also stunning aspect_term and speedy,colors,positive,positive,True
103,great aspect_term free aspect_term what else can i ask for!!,price,positive,positive,True
104,great aspect_term free aspect_term what else can i ask for!!,shipping,positive,positive,True
105,This aspect_term is terrific.,mouse,positive,positive,True
106,It is really thick around the aspect_term.,battery,neutral,positive,False
107,And aspect_term works like a charm.,windows 7,positive,positive,True
108,":) Great product, great aspect_term, great aspect_term, and great aspect_term.",price,positive,positive,True
109,":) Great product, great aspect_term, great aspect_term, and great aspect_term.",delivery,positive,positive,True
110,":) Great product, great aspect_term, great aspect_term, and great aspect_term.",service,positive,positive,True
111,:] It arrived so fast and aspect_term was great.,customer service,positive,positive,True
112,tried aspect_term and hated it !!!,windows 8,negative,negative,True
113,aspect_term was a breeze.,Set up,positive,positive,True
114,But I do NOT like aspect_term.,Win8,negative,negative,True
115,I am still in the process of learning about its aspect_term.,features,neutral,positive,False
116,"I had the same reasons as most PC users: the aspect_term, the overbearing restrictions of aspect_term and lack of aspect_term.",price,negative,negative,True
117,"I had the same reasons as most PC users: the aspect_term, the overbearing restrictions of aspect_term and lack of aspect_term.",OSX,negative,negative,True
118,"I had the same reasons as most PC users: the aspect_term, the overbearing restrictions of aspect_term and lack of aspect_term.",support for games,negative,negative,True
119,"I wanted it for it's aspect_term and man, this little bad boy is very nice.",mobility,positive,positive,True
120,I found the mini to be:Exceptionally easy to aspect_term,set up,positive,positive,True
121,Having aspect_term is why I bought this Mini.,USB3,positive,negative,False
122,The aspect_term is nice and loud; I don't have any problems with hearing anything.,sound,positive,positive,True
123,"It is very slim, the aspect_term is very much impressed with me.",track pad,positive,positive,True
124,The aspect_term are not user-friendly either.,settings,negative,negative,True
125,Thank goodness for aspect_term!,OpenOffice,positive,positive,True
126,"Awesome aspect_term, great aspect_term, wonderful aspect_term.",form factor,positive,positive,True
127,"Awesome aspect_term, great aspect_term, wonderful aspect_term.",battery life,positive,positive,True
128,"Awesome aspect_term, great aspect_term, wonderful aspect_term.",UX,positive,positive,True
129,i love the aspect_term and the aspect_term.,keyboard,positive,positive,True
130,i love the aspect_term and the aspect_term.,screen,positive,positive,True
131,"However, there are MAJOR issues with the aspect_term which render the device nearly useless.",touchpad,negative,negative,True
132,I've already upgraded o aspect_term and I am impressed with everything about this computer.,Mavericks,positive,positive,True
133,Not as fast as I would have expect for an aspect_term.,i5,negative,neutral,False
134,thanks for great aspect_term and aspect_term!,service,positive,positive,True
135,thanks for great aspect_term and aspect_term!,shipping,positive,positive,True
136,"The aspect_term seems quite good, and aspect_term like aspect_term work great with my phone and camera.",performance,positive,positive,True
137,"The aspect_term seems quite good, and aspect_term like aspect_term work great with my phone and camera.",built-in applications,positive,positive,True
138,"The aspect_term seems quite good, and aspect_term like aspect_term work great with my phone and camera.",iPhoto,positive,positive,True
139,I did swap out the aspect_term for a aspect_term which I highly recommend.,hard drive,neutral,neutral,True
140,I did swap out the aspect_term for a aspect_term which I highly recommend.,Samsung 830 SSD,positive,neutral,False
141,aspect_term in a hurry and everything is ready to go.,Starts up,positive,negative,False
142,"Yes, that's a good thing, but it's made from aspect_term that scratches easily.",aluminum,negative,positive,False
143,Quick and has aspect_term.,built in virus control,positive,positive,True
144,Took a long time trying to decide between one with aspect_term and one without.,retina display,neutral,neutral,True
145,I was also informed that the aspect_term of the Mac Book were dirty.,components,negative,negative,True
146,"the aspect_term problems have been so bad, i can't wait till it completely dies in 3 years, TOPS!",hardware,negative,negative,True
147,It's so nice that the aspect_term last so long and that this machine has the aspect_term!,battery,positive,positive,True
148,It's so nice that the aspect_term last so long and that this machine has the aspect_term!,snow lion,positive,positive,True
149,HOWEVER I chose two day aspect_term and it took over a week to arrive.,shipping,negative,neutral,False
150,"it's exactly what i wanted, and it has all the new aspect_term and whatnot.",features,positive,positive,True
151,Can you buy any laptop that matches the aspect_term of a MacBook?,quality,positive,negative,False
152,"It feels cheap, the aspect_term is not very sensitive.",keyboard,negative,negative,True
153,"Though please note that sometimes it crashes, and the aspect_term isnt superb.",sound quality,negative,negative,True
154,It is very easy to aspect_term even for a novice.,navigate,positive,positive,True
155,"Does everything I need it to, has a wonderful aspect_term and I couldn't be happier.",battery life,positive,positive,True
156,Great aspect_term and aspect_term.,Performance,positive,positive,True
157,Great aspect_term and aspect_term.,Quality,positive,positive,True
158,"I used aspect_term, aspect_term, and aspect_term extensively.",windows XP,neutral,neutral,True
159,"I used aspect_term, aspect_term, and aspect_term extensively.",windows Vista,neutral,neutral,True
160,"I used aspect_term, aspect_term, and aspect_term extensively.",Windows 7,neutral,neutral,True
161,I did add a aspect_term and aspect_term,SSD drive,neutral,neutral,True
162,I did add a aspect_term and aspect_term,memory,neutral,neutral,True
163,On aspect_term it asks endless questions just so aspect_term can sell you more of their products.,start up,negative,positive,False
164,On aspect_term it asks endless questions just so aspect_term can sell you more of their products.,itune,negative,positive,False
165,I Have been a Pc user for a very long time now but I will get used to this new aspect_term.,OS,neutral,neutral,True
166,"One more thing, this mac does NOT come with aspect_term and I am not sure if you can make them direct from the mac like you can with newer PC's, also the aspect_term are made of the same cheap aspect_term as the iPhone/iPod touch cables.",restore disks,negative,neutral,False
167,"One more thing, this mac does NOT come with aspect_term and I am not sure if you can make them direct from the mac like you can with newer PC's, also the aspect_term are made of the same cheap aspect_term as the iPhone/iPod touch cables.",charging cables,negative,positive,False
168,"One more thing, this mac does NOT come with aspect_term and I am not sure if you can make them direct from the mac like you can with newer PC's, also the aspect_term are made of the same cheap aspect_term as the iPhone/iPod touch cables.",material,negative,positive,False
169,I bought it to my son who uses it for aspect_term.,graphic design,neutral,neutral,True
170,I never tried any aspect_term with that iMac.,external mics,neutral,negative,False
171,The new aspect_term is great on my macbook pro!,os,positive,positive,True
172,"I have experienced no problems, aspect_term as anticipated.",works,positive,negative,False
173,aspect_term is running great.,System,positive,positive,True
174,Easy to aspect_term and even aspect_term.,customize setting,positive,positive,True
175,Easy to aspect_term and even aspect_term.,create your own bookmarks,positive,positive,True
176,"The MAC Mini, aspect_term and a aspect_term is all I need to get some real work done.",wireless keyboard / mouse,neutral,positive,False
177,"The MAC Mini, aspect_term and a aspect_term is all I need to get some real work done.",HDMI cable,neutral,positive,False
178,"it has all the aspect_term that we expected and the aspect_term was good, aspect_term well so far.",features,positive,positive,True
179,"it has all the aspect_term that we expected and the aspect_term was good, aspect_term well so far.",price,positive,positive,True
180,"it has all the aspect_term that we expected and the aspect_term was good, aspect_term well so far.",working,positive,positive,True
181,"I work as a designer and coder and I needed a new buddy to work with, not aspect_term.",gaming,neutral,neutral,True
182,The new aspect_term makes this computer into a super iPad.,operating system,positive,positive,True
183,Easy to aspect_term and go!,set up,positive,positive,True
184,I can't believe how quiet the aspect_term is and how quick this thing aspect_term.,hard drive,positive,positive,True
185,I can't believe how quiet the aspect_term is and how quick this thing aspect_term.,boots up,positive,positive,True
186,The only issue came when I tried aspect_term to the mac.,scanning,negative,negative,True
187,I think this is about as good as it gets at anything close to this aspect_term.,price point,neutral,neutral,True
188,It's just what we were looking for and it aspect_term great.,works,positive,positive,True
189,It's so quick and responsive that it makes aspect_term / aspect_term on a computer so much more pleasurable!,working,positive,positive,True
190,It's so quick and responsive that it makes aspect_term / aspect_term on a computer so much more pleasurable!,surfing,positive,positive,True
191,"It aspect_term fine, and all the aspect_term seems to run pretty well.",works,positive,positive,True
192,"It aspect_term fine, and all the aspect_term seems to run pretty well.",software,positive,positive,True
193,"I'm using this computer for aspect_term, aspect_term, some aspect_term, and I'm learning aspect_term.",word processing,neutral,neutral,True
194,"I'm using this computer for aspect_term, aspect_term, some aspect_term, and I'm learning aspect_term.",web browsing,neutral,neutral,True
195,"I'm using this computer for aspect_term, aspect_term, some aspect_term, and I'm learning aspect_term.",gaming,neutral,neutral,True
196,"I'm using this computer for aspect_term, aspect_term, some aspect_term, and I'm learning aspect_term.",programming,neutral,positive,False
197,"My wife was so excited to open the box, but quickly came to see that it did not aspect_term as it should.",function,negative,negative,True
198,"I wanted a computer that was quite, fast, and that had overall great aspect_term.",performance,neutral,positive,False
199,aspect_term is a mixed bag.,"Apple ""Help""",negative,neutral,False
200,It suddenly can not aspect_term.,work,negative,negative,True
201,"aspect_term was in poor condition, had to replace it.",Harddrive,negative,negative,True
202,The aspect_term is a bit obscure in the rear corner.,on/off switch,negative,negative,True
203,My only complaint is the total lack of aspect_term that come with the mac mini.,instructions,negative,negative,True
204,"The only task that this computer would not be good enough for would be aspect_term, otherwise the integrated Intel 4000 graphics work well for other tasks.",gaming,negative,negative,True
205,"I use it mostly for aspect_term (aspect_term, aspect_term, aspect_term) and its reliable.",content creation,positive,positive,True
206,"I use it mostly for aspect_term (aspect_term, aspect_term, aspect_term) and its reliable.",Audio,positive,positive,True
207,"I use it mostly for aspect_term (aspect_term, aspect_term, aspect_term) and its reliable.",video,positive,neutral,False
208,"I use it mostly for aspect_term (aspect_term, aspect_term, aspect_term) and its reliable.",photo editing,positive,positive,True
209,aspect_term is bright and gorgeous.,Screen,positive,positive,True
210,"The only solution is to turn the aspect_term down, etc.",brightness,neutral,neutral,True
211,If you want more information on macs I suggest going to apple.com and heading towards the macbook page for more information on the aspect_term.,applications,neutral,neutral,True
212,"It is robust, with a friendly aspect_term as all Apple products.",use,positive,positive,True
213,It is fast and easy to aspect_term.,use,positive,positive,True
214,And the fact that it comes with an aspect_term definitely speeds things up,i5 processor,positive,positive,True
215,I have been PC for years but this computer is intuitive and its aspect_term are a great help,built in features,positive,positive,True
216,"Nice aspect_term, aspect_term works great!",screen,positive,positive,True
217,"Nice aspect_term, aspect_term works great!",keyboard,positive,positive,True
218,I was amazed at how fast the aspect_term was.,delivery,positive,positive,True
219,I've installed to it additional aspect_term and aspect_term.,SSD,neutral,neutral,True
220,I've installed to it additional aspect_term and aspect_term.,16Gb RAM,neutral,neutral,True
221,The aspect_term was gone and it was not able to be used.,memory,negative,negative,True
222,It aspect_term great and I am so happy I bought it.,works,positive,positive,True
223,"I like the aspect_term and ease of use with the aspect_term, plenty of aspect_term.",design,positive,positive,True
224,"I like the aspect_term and ease of use with the aspect_term, plenty of aspect_term.",keyboard,positive,positive,True
225,"I like the aspect_term and ease of use with the aspect_term, plenty of aspect_term.",ports,positive,positive,True
226,it definitely beats my old mac and the aspect_term was great.,service,positive,positive,True
227,aspect_term is very quick with aspect_term.,Web browsing,positive,positive,True
228,aspect_term is very quick with aspect_term.,Safari browser,positive,positive,True
229,I like the aspect_term at night.,lighted screen,positive,positive,True
230,It is really easy to aspect_term and it is quick to aspect_term.,use,positive,positive,True
231,It is really easy to aspect_term and it is quick to aspect_term.,start up,positive,positive,True
232,I've lived with the crashes and slow aspect_term and restarts.,operation,negative,negative,True
233,aspect_term are noticably less expensive than the aspect_term ones.,USB3 Peripherals,positive,positive,True
234,aspect_term are noticably less expensive than the aspect_term ones.,ThunderBolt,negative,negative,True
235,And mine had broke but I sent it in under aspect_term - no problems.,warranty,positive,negative,False
236,"It's fast, light, and is perfect for aspect_term, which is mostly why I bought it in the first place.",media editing,positive,positive,True
237,"The aspect_term lasts as advertised (give or take 15-20 minutes), and the entire aspect_term is very elegant.",battery,positive,positive,True
238,"The aspect_term lasts as advertised (give or take 15-20 minutes), and the entire aspect_term is very elegant.",user experience,positive,positive,True
239,Thanks for the fast aspect_term and great aspect_term.,shipment,positive,positive,True
240,Thanks for the fast aspect_term and great aspect_term.,price,positive,positive,True
241,"!Excelent aspect_term, aspect_term, aspect_term and aspect_term.",performance,positive,positive,True
242,"!Excelent aspect_term, aspect_term, aspect_term and aspect_term.",usability,positive,positive,True
243,"!Excelent aspect_term, aspect_term, aspect_term and aspect_term.",presentation,positive,positive,True
244,"!Excelent aspect_term, aspect_term, aspect_term and aspect_term.",time response,positive,positive,True
245,The smaller aspect_term was a bonus because of space restrictions.,size,positive,positive,True
246,I blame the aspect_term.,Mac OS,negative,negative,True
247,"In fact I still use many aspect_term (aspect_term, aspect_term, aspect_term, aspect_term etc)!",Legacy programs,neutral,neutral,True
248,"In fact I still use many aspect_term (aspect_term, aspect_term, aspect_term, aspect_term etc)!",Appleworks,neutral,neutral,True
249,"In fact I still use many aspect_term (aspect_term, aspect_term, aspect_term, aspect_term etc)!",FileMaker Pro,neutral,neutral,True
250,"In fact I still use many aspect_term (aspect_term, aspect_term, aspect_term, aspect_term etc)!",Quicken,neutral,neutral,True
251,"In fact I still use many aspect_term (aspect_term, aspect_term, aspect_term, aspect_term etc)!",Photoshop,neutral,neutral,True
252,I like the aspect_term.,operating system,positive,positive,True
253,I love the aspect_term.,form factor,positive,positive,True
254,It's fast at aspect_term.,loading the internet,positive,positive,True
255,So much faster and sleeker aspect_term.,looking,positive,positive,True
256,"Unfortunately, it runs aspect_term and Microsoft is dropping aspect_term next April.",XP,neutral,positive,False
257,"Unfortunately, it runs aspect_term and Microsoft is dropping aspect_term next April.",support,negative,positive,False
258,"First off, I really do like my MBP... once used to the aspect_term it is pretty easy to get around, and the aspect_term is great... eg the aspect_term is one of the best to type on.",OS,positive,positive,True
259,"First off, I really do like my MBP... once used to the aspect_term it is pretty easy to get around, and the aspect_term is great... eg the aspect_term is one of the best to type on.",overall build,positive,positive,True
260,"First off, I really do like my MBP... once used to the aspect_term it is pretty easy to get around, and the aspect_term is great... eg the aspect_term is one of the best to type on.",keyboard,positive,positive,True
261,It is made of such solid aspect_term and since I have never had a Mac using my iPhone helped me get used to the aspect_term a bit.,construction,positive,positive,True
262,It is made of such solid aspect_term and since I have never had a Mac using my iPhone helped me get used to the aspect_term a bit.,system,neutral,neutral,True
263,Very nice aspect_term.,unibody construction,positive,positive,True
264,"This Macbook Pro is fast, powerful, and aspect_term super quiet and cool.",runs,positive,positive,True
265,It's ok but doesn't have a aspect_term which I didn't know until after I bought it.,disk drive,neutral,negative,False
266,"There is no aspect_term, nor is there an aspect_term located anywhere on the device.",HDMI receptacle,neutral,negative,False
267,"There is no aspect_term, nor is there an aspect_term located anywhere on the device.",SD card slot,neutral,negative,False
268,It came in brand new and aspect_term perfectly.,works,positive,positive,True
269,"It shouldn't happen like that, I don't have any aspect_term open or anything.",design app,neutral,neutral,True
270,MY aspect_term IS NOT WORKING.,TRACKPAD,negative,negative,True
271,"It aspect_term and aspect_term solid, with a flawless aspect_term.",looks,positive,positive,True
272,"It aspect_term and aspect_term solid, with a flawless aspect_term.",feels,positive,positive,True
273,"It aspect_term and aspect_term solid, with a flawless aspect_term.",finish,positive,positive,True
274,aspect_term was higher when purchased on MAC when compared to aspect_term showing on PC when I bought this product.,Price,negative,positive,False
275,aspect_term was higher when purchased on MAC when compared to aspect_term showing on PC when I bought this product.,price,positive,positive,True
276,Then the aspect_term would many times not aspect_term without a forced power-off.,system,negative,negative,True
277,Then the aspect_term would many times not aspect_term without a forced power-off.,power down,negative,negative,True
278,The aspect_term is perfect for my needs.,configuration,positive,positive,True
279,and the aspect_term is the worst ever.,speakers,negative,negative,True
280,"Its the best, its got the aspect_term, super easy to aspect_term and love all you can do with the aspect_term!..",looks,positive,positive,True
281,"Its the best, its got the aspect_term, super easy to aspect_term and love all you can do with the aspect_term!..",use,positive,positive,True
282,"Its the best, its got the aspect_term, super easy to aspect_term and love all you can do with the aspect_term!..",trackpad,positive,positive,True
283,aspect_term is smooth and seamless.,Web surfuring,positive,positive,True
284,I'm overall pleased with the aspect_term and the aspect_term of this product.,interface,positive,positive,True
285,I'm overall pleased with the aspect_term and the aspect_term of this product.,portability,positive,positive,True
286,"This item is a beautiful piece, it aspect_term well, it is easy to aspect_term and aspect_term.",works,positive,positive,True
287,"This item is a beautiful piece, it aspect_term well, it is easy to aspect_term and aspect_term.",carry,positive,positive,True
288,"This item is a beautiful piece, it aspect_term well, it is easy to aspect_term and aspect_term.",handle,positive,positive,True
289,"It was also suffering from aspect_term issues, relatively slow aspect_term and shortening aspect_term.",hardware (keyboard),negative,negative,True
290,"It was also suffering from aspect_term issues, relatively slow aspect_term and shortening aspect_term.",performance,negative,negative,True
291,"It was also suffering from aspect_term issues, relatively slow aspect_term and shortening aspect_term.",battery lifetime,negative,negative,True
292,"aspect_term good and does the job, can't complain about that!",Runs,positive,positive,True
293,It's silent and has a very small aspect_term on my desk.,footprint,positive,positive,True
294,The aspect_term is absolutely gorgeous.,exterior,positive,positive,True
295,"It has a very high aspect_term, just for what I needed for.",performance,positive,positive,True
296,Apple is aware of this issue and this is either old stock or a defective aspect_term involving the aspect_term.,design,neutral,neutral,True
297,Apple is aware of this issue and this is either old stock or a defective aspect_term involving the aspect_term.,intel 4000 graphics chipset,neutral,neutral,True
298,aspect_term  soon to upgrade to aspect_term.,OSX Mountain Lion,neutral,neutral,True
299,aspect_term  soon to upgrade to aspect_term.,Mavericks,neutral,neutral,True
300,"I just bought the new MacBook Pro, the 13"" model, and I can't believe Apple keeps making the same mistake with regard to aspect_term.",USB ports,negative,negative,True
301,It aspect_term in less than a second when I open the aspect_term.,wakes,positive,neutral,False
302,It aspect_term in less than a second when I open the aspect_term.,lid,neutral,neutral,True
303,It is the perfect aspect_term and aspect_term for me.,size,positive,positive,True
304,It is the perfect aspect_term and aspect_term for me.,speed,positive,positive,True
305,THE aspect_term IS TERRIFIC!!,CUSTOMER SERVICE,positive,positive,True
306,"My last laptop was a 17"" ASUS gaming machine, which aspect_term admirably, but having since built my own desktop and really settling into the college life, I found myself wanting something smaller and less cumbersome, not to mention that the ASUS had been slowly developing problems ever since I bought it about 4 years ago.",performed,positive,positive,True
307,"However, it did not have any scratches, ZERO aspect_term (pretty surprised), and all the aspect_term seemed to be working perfectly.",battery cycle count,positive,positive,True
308,"However, it did not have any scratches, ZERO aspect_term (pretty surprised), and all the aspect_term seemed to be working perfectly.",hardware,positive,positive,True
309,After fumbling around with the aspect_term I started searching the internet for a fix and found a number of forums on fixing the issue.,OS,negative,negative,True
310,And as for all the fancy aspect_term -- I just gave up and attached a aspect_term.,finger swipes,negative,neutral,False
311,And as for all the fancy aspect_term -- I just gave up and attached a aspect_term.,mouse,neutral,neutral,True
312,"I needed a laptop with big aspect_term, a nice aspect_term and fast so I can aspect_term without any problem.",storage,neutral,positive,False
313,"I needed a laptop with big aspect_term, a nice aspect_term and fast so I can aspect_term without any problem.",screen,neutral,positive,False
314,"I needed a laptop with big aspect_term, a nice aspect_term and fast so I can aspect_term without any problem.",photoshop,neutral,positive,False
315,I like coming back to aspect_term but this laptop is lacking in aspect_term compared to my $400  old HP laptop.,Mac OS,positive,positive,True
316,I like coming back to aspect_term but this laptop is lacking in aspect_term compared to my $400  old HP laptop.,speaker quality,negative,negative,True
317,aspect_term very quickly and safely.,Shipped,positive,positive,True
318,The aspect_term is awesome!,thunderbolt port,positive,positive,True
319,The aspect_term is definitely superior to any computer I've ever put my hands on.,performance,positive,positive,True
320,It's great for aspect_term and other aspect_term.,streaming video,positive,positive,True
321,It's great for aspect_term and other aspect_term.,entertainment uses,positive,positive,True
322,I like the aspect_term and its aspect_term but there are somethings I think needs to be improved.,design,positive,positive,True
323,I like the aspect_term and its aspect_term but there are somethings I think needs to be improved.,features,positive,positive,True
324,There were small problems with aspect_term.,Mac office,negative,negative,True
325,I understand I should call aspect_term about any variables(which is my purpose of writing this con) as variables could be a bigger future problem.,Apple Tech Support,neutral,negative,False
326,"I ordered my 2012 mac mini after being disappointed with aspect_term of the new 27"" Imacs.",spec,negative,positive,False
327,"It still aspect_term and it's extremely user friendly, so I would recommend it for new computer user and also for those who are just looking for a more efficient way to do things",works,positive,positive,True
328,"Its fast, easy to aspect_term and it aspect_term great.",use,positive,positive,True
329,"Its fast, easy to aspect_term and it aspect_term great.",looks,positive,positive,True
330,(but aspect_term can be purchased) IF I ever need a laptop again I am for sure purchasing another Toshiba!!,Office,neutral,negative,False
331,I haven't tried the one with aspect_term... Maybe in the future.,retina display,neutral,negative,False
332,"aspect_term is much much better on the Pro, especially if you install an aspect_term on it.",Performance,positive,positive,True
333,"aspect_term is much much better on the Pro, especially if you install an aspect_term on it.",SSD,positive,neutral,False
334,"Note, however, that any existing aspect_term you have will not work with the aspect_term.",MagSafe accessories,neutral,negative,False
335,"Note, however, that any existing aspect_term you have will not work with the aspect_term.",MagSafe 2 connection,negative,neutral,False
336,"The only thing I dislike is the aspect_term, alot of the times its unresponsive and does things I dont want it too, I would recommend using a aspect_term with it.",touchpad,negative,negative,True
337,"The only thing I dislike is the aspect_term, alot of the times its unresponsive and does things I dont want it too, I would recommend using a aspect_term with it.",mouse,neutral,negative,False
338,"The Mac mini is about 8x smaller than my old computer which is a huge bonus and aspect_term very quiet, actually the aspect_term aren't audible unlike my old pc",runs,positive,positive,True
339,"The Mac mini is about 8x smaller than my old computer which is a huge bonus and aspect_term very quiet, actually the aspect_term aren't audible unlike my old pc",fans,positive,positive,True
340,MAYBE The aspect_term improvement were not The product they Want to offer.,Mac OS,negative,negative,True
341,I thought the transition would be difficult at best and would take some time to fully familiarize myself with the new aspect_term.,Mac ecosystem,neutral,neutral,True
342,It's absolutely wonderful and worth the aspect_term!,price,positive,positive,True
343,I am please with the products ease of aspect_term; out of the box ready; aspect_term and aspect_term.,use,positive,positive,True
344,I am please with the products ease of aspect_term; out of the box ready; aspect_term and aspect_term.,appearance,positive,neutral,False
345,I am please with the products ease of aspect_term; out of the box ready; aspect_term and aspect_term.,functionality,positive,neutral,False
346,Perfect for all my aspect_term classes I'm taking this year in college :-),graphic design,positive,positive,True
347,I will not be using that aspect_term again.,slot,negative,neutral,False
348,"The aspect_term is fast and fluid, everything is organized and it's just beautiful.",OS,positive,positive,True
349,They are simpler to aspect_term.,use,positive,positive,True
350,!so nice .. stable .. fast .. now i got my aspect_term !,SSD,positive,positive,True
351,"Also, in using the aspect_term, my aspect_term for my vlog sounds like the interplanetary transmissions in the ""Star Wars"" saga.",built-in camera,neutral,neutral,True
352,"Also, in using the aspect_term, my aspect_term for my vlog sounds like the interplanetary transmissions in the ""Star Wars"" saga.",voice recording,negative,neutral,False
353,I love the quick aspect_term.,start up,positive,positive,True
354,You just cannot beat the aspect_term of an Apple device.,functionality,positive,positive,True
355,Yet my mac continues to aspect_term properly.,function,positive,positive,True
356,aspect_term are much improved.,Graphics,positive,positive,True
357,"Here are the things that made me confident with my purchase:aspect_term - Seriously, you can't beat a aspect_term.",Build Quality,positive,positive,True
358,"Here are the things that made me confident with my purchase:aspect_term - Seriously, you can't beat a aspect_term.",unibody construction,positive,positive,True
359,It provides much more aspect_term.,flexibility for connectivity,positive,positive,True
360,"I want the aspect_term of a tablet, without the limitations of a tablet and that's where this laptop comes into play.",portability,positive,positive,True
361,aspect_term do help.,Mac tutorials,positive,negative,False
362,The aspect_term was not helpful as well.,technical support,negative,positive,False
363,I got the new aspect_term and there was no change.,adapter,neutral,positive,False
364,so i called aspect_term.,technical support,neutral,neutral,True
365,Came with aspect_term and aspect_term already loaded.,iPhoto,neutral,neutral,True
366,Came with aspect_term and aspect_term already loaded.,garage band,neutral,neutral,True
367,"aspect_term utterly fried, cried, and laid down and died.",Logic board,positive,negative,False
368,The aspect_term was crappy even when you turn up the aspect_term still the same results.,sound,negative,negative,True
369,The aspect_term was crappy even when you turn up the aspect_term still the same results.,volume,negative,negative,True
370,aspect_term is a great performer..extremely fast and reliable.,OSX Lion,positive,positive,True
371,"Having heard from friends and family about how reliable a Mac product is, I never expected to have an aspect_term crash within the first month, but I did.",application,negative,negative,True
372,The Macbook pro's aspect_term is wonderful.,physical form,positive,positive,True
373,The Mini's aspect_term hasn't changed since late 2010- and for a good reason.,body,positive,positive,True
374,The aspect_term really does feel lot more solid than Apple's previous laptops.,unibody construction,positive,positive,True
375,aspect_term slows it down considerably.,3D rendering,negative,positive,False
376,Got this Mac Mini with aspect_term for my wife.,OS X Mountain Lion,neutral,positive,False
377,"fast, great aspect_term, beautiful aspect_term for a laptop; aspect_term at 1100 on the apple website;amazon had it for 1098+ tax -  plus i had a 10% off coupon from amazon - aspect_term me 998 plus tax- 1070- OTD!",screen,positive,positive,True
378,"fast, great aspect_term, beautiful aspect_term for a laptop; aspect_term at 1100 on the apple website;amazon had it for 1098+ tax -  plus i had a 10% off coupon from amazon - aspect_term me 998 plus tax- 1070- OTD!",apps,positive,positive,True
379,"fast, great aspect_term, beautiful aspect_term for a laptop; aspect_term at 1100 on the apple website;amazon had it for 1098+ tax -  plus i had a 10% off coupon from amazon - aspect_term me 998 plus tax- 1070- OTD!",priced,neutral,positive,False
380,"fast, great aspect_term, beautiful aspect_term for a laptop; aspect_term at 1100 on the apple website;amazon had it for 1098+ tax -  plus i had a 10% off coupon from amazon - aspect_term me 998 plus tax- 1070- OTD!",cost,neutral,positive,False
381,12.44 seconds to aspect_term.,boot,neutral,neutral,True
382,All the aspect_term are much needed since this is my main computer.,ports,neutral,positive,False
383,"The Like New condition of the iMac MC309LL/A on Amazon is at $900+ level only, and it is a aspect_term (similar to the $799 Mini), with aspect_term (this mini is aspect_term), and it even comes with aspect_term, all put together in neat and nice aspect_term.",Quad-Core 2.5 GHz CPU,neutral,neutral,True
384,"The Like New condition of the iMac MC309LL/A on Amazon is at $900+ level only, and it is a aspect_term (similar to the $799 Mini), with aspect_term (this mini is aspect_term), and it even comes with aspect_term, all put together in neat and nice aspect_term.",Radeon HD 6750M 512MB graphic card,neutral,neutral,True
385,"The Like New condition of the iMac MC309LL/A on Amazon is at $900+ level only, and it is a aspect_term (similar to the $799 Mini), with aspect_term (this mini is aspect_term), and it even comes with aspect_term, all put together in neat and nice aspect_term.",integrated Intel 4000 card,neutral,positive,False
386,"The Like New condition of the iMac MC309LL/A on Amazon is at $900+ level only, and it is a aspect_term (similar to the $799 Mini), with aspect_term (this mini is aspect_term), and it even comes with aspect_term, all put together in neat and nice aspect_term.",wireless Apple Keyboard and Mouse,neutral,positive,False
387,"The Like New condition of the iMac MC309LL/A on Amazon is at $900+ level only, and it is a aspect_term (similar to the $799 Mini), with aspect_term (this mini is aspect_term), and it even comes with aspect_term, all put together in neat and nice aspect_term.",package,positive,positive,True
388,Put a aspect_term on it and is a little better but that is my only complaint.,cover,neutral,neutral,True
389,Within a few hours I was using the aspect_term unconsciously.,gestures,positive,neutral,False
390,This mac does come with an aspect_term and I'm using mine right now hoping the aspect_term will stay nice for the many years I plan on using this mac.,extender cable,neutral,neutral,True
391,This mac does come with an aspect_term and I'm using mine right now hoping the aspect_term will stay nice for the many years I plan on using this mac.,cable,positive,positive,True
392,The aspect_term really out does itself.,2.9ghz dual-core i7 chip,positive,positive,True
393,It is pretty snappy and aspect_term in about 30 seconds which is good enough for me.,starts up,positive,positive,True
394,Not sure on aspect_term.,Windows 8,neutral,negative,False
395,My one complaint is that there was no aspect_term.,internal CD drive,negative,negative,True
396,This newer netbook has no aspect_term or aspect_term.,hard drive,neutral,neutral,True
397,This newer netbook has no aspect_term or aspect_term.,network lights,neutral,neutral,True
398,"I was having a though time deciding between the 13"" MacBook Air or the MacBook Pro 13"" (Both baseline models, aspect_term at 1,200 $ retail)",priced,neutral,negative,False
399,Not too expense and has enough aspect_term for most users and many aspect_term.,storage,positive,positive,True
400,Not too expense and has enough aspect_term for most users and many aspect_term.,ports,positive,neutral,False
401,The aspect_term is quite low and virtually unusable in a room with any background activity.,audio volume,negative,positive,False
402,It is lightweight and the perfect aspect_term to carry to class.,size,positive,positive,True
403,I was given a demonstration of aspect_term.,Windows 8,neutral,neutral,True
404,The MBP is beautiful has many wonderful aspect_term.,capabilities,positive,positive,True
405,"I thought that it will be fine, if i do some aspect_term.",settings,neutral,neutral,True
406,aspect_term very smoothly.,Runs,positive,positive,True
407,aspect_term slowed significantly after all aspect_term were installed.,Boot-up,negative,negative,True
408,aspect_term slowed significantly after all aspect_term were installed.,Windows updates,negative,negative,True
409,More likely it will require replacing the aspect_term once they admit they have a problem and come up with a solution.,logic board,negative,negative,True
410,"It was important that it was powerful enough to do all of the tasks he needed on the aspect_term, aspect_term, aspect_term and aspect_term.",internet,positive,positive,True
411,"It was important that it was powerful enough to do all of the tasks he needed on the aspect_term, aspect_term, aspect_term and aspect_term.",word processing,positive,positive,True
412,"It was important that it was powerful enough to do all of the tasks he needed on the aspect_term, aspect_term, aspect_term and aspect_term.",graphic design,positive,positive,True
413,"It was important that it was powerful enough to do all of the tasks he needed on the aspect_term, aspect_term, aspect_term and aspect_term.",gaming,positive,neutral,False
414,"I like the Mini Mac it was easy to aspect_term and aspect_term, but I am learning as I go and could use a aspect_term to learn how to use some of the aspect_term I was use to on the PC especially the aspect_term.",setup,positive,positive,True
415,"I like the Mini Mac it was easy to aspect_term and aspect_term, but I am learning as I go and could use a aspect_term to learn how to use some of the aspect_term I was use to on the PC especially the aspect_term.",install,positive,neutral,False
416,"I like the Mini Mac it was easy to aspect_term and aspect_term, but I am learning as I go and could use a aspect_term to learn how to use some of the aspect_term I was use to on the PC especially the aspect_term.",tutorial,neutral,neutral,True
417,"I like the Mini Mac it was easy to aspect_term and aspect_term, but I am learning as I go and could use a aspect_term to learn how to use some of the aspect_term I was use to on the PC especially the aspect_term.",features,neutral,neutral,True
418,"I like the Mini Mac it was easy to aspect_term and aspect_term, but I am learning as I go and could use a aspect_term to learn how to use some of the aspect_term I was use to on the PC especially the aspect_term.",right mouse click menu,neutral,positive,False
419,aspect_term real quick.,Runs,positive,positive,True
420,Buy the separate aspect_term and you will have a rocket!,RAM memory,positive,neutral,False
421,"Since the machine's slim aspect_term is critical to me, that was a problem.",profile,negative,negative,True
422,"aspect_term, aspect_term and multiple aspect_term to connect scale and printers was all that was required.",WiFi capability,positive,positive,True
423,"aspect_term, aspect_term and multiple aspect_term to connect scale and printers was all that was required.",disk drive,positive,positive,True
424,"aspect_term, aspect_term and multiple aspect_term to connect scale and printers was all that was required.",USB ports,positive,positive,True
425,"The aspect_term is slightly recessed and upside down (the aspect_term cannot be accessed), if this was a self ejecting aspect_term this would not be an issue, but its not.",SD card reader,negative,negative,True
426,"The aspect_term is slightly recessed and upside down (the aspect_term cannot be accessed), if this was a self ejecting aspect_term this would not be an issue, but its not.",nail slot on the card,negative,negative,True
427,"The aspect_term is slightly recessed and upside down (the aspect_term cannot be accessed), if this was a self ejecting aspect_term this would not be an issue, but its not.",slot,negative,negative,True
428,"Soft aspect_term, aspect_term with laser cut precision and no flaws.",touch,positive,positive,True
429,"Soft aspect_term, aspect_term with laser cut precision and no flaws.",anodized aluminum,positive,positive,True
430,"Simple details, crafted aspect_term and real aspect_term make this laptop blow away the other plastic ridden, bulky sticker filled laptops.",aluminium,positive,positive,True
431,"Simple details, crafted aspect_term and real aspect_term make this laptop blow away the other plastic ridden, bulky sticker filled laptops.",glass,positive,positive,True
432,First of all yes this is a mac and it has that nice brushed aspect_term .,aluminum,positive,positive,True
433,"After all was said and done, I essentially used that $450 savings to buy aspect_term, TWO aspect_term and an aspect_term to install the second aspect_term.",16GB of RAM,neutral,neutral,True
434,"After all was said and done, I essentially used that $450 savings to buy aspect_term, TWO aspect_term and an aspect_term to install the second aspect_term.",Seagate Momentus XT hybrid drives,neutral,neutral,True
435,"After all was said and done, I essentially used that $450 savings to buy aspect_term, TWO aspect_term and an aspect_term to install the second aspect_term.",OWC upgrade kit,neutral,neutral,True
436,"After all was said and done, I essentially used that $450 savings to buy aspect_term, TWO aspect_term and an aspect_term to install the second aspect_term.",hard drive,neutral,neutral,True
437,"The Dell Inspiron is fast and has a aspect_term, which I miss on my Apple laptops.",number pad on the keyboard,positive,positive,True
438,I was concerned that the downgrade to the aspect_term would make it unacceptably slow but I need not have worried - this machine is the fastest I have ever owned...,regular hard drive,positive,negative,False
439,This one still has the aspect_term.,CD slot,neutral,neutral,True
440,No aspect_term.,HDMI port,neutral,negative,False
441,I had to aspect_term and it took a good two hours.,install Mountain Lion,negative,negative,True
442,aspect_term on mac is impossible.,Customization,negative,negative,True
443,I am replacing the aspect_term with a aspect_term soon.,HD,neutral,neutral,True
444,I am replacing the aspect_term with a aspect_term soon.,Micron SSD,neutral,neutral,True
445,Plus aspect_term as a replacement for the aspect_term is surprisingly intuitive.,two finger clicking,positive,positive,True
446,Plus aspect_term as a replacement for the aspect_term is surprisingly intuitive.,right click button,neutral,neutral,True
447,The aspect_term is quiet.,SuperDrive,positive,positive,True
448,The aspect_term has to be connected to the aspect_term to charge the aspect_term but won't stay connected.,power plug,negative,negative,True
449,The aspect_term has to be connected to the aspect_term to charge the aspect_term but won't stay connected.,power adaptor,neutral,neutral,True
450,The aspect_term has to be connected to the aspect_term to charge the aspect_term but won't stay connected.,battery,neutral,neutral,True
451,"The aspect_term was completely dead, in fact it had grown about a quarter inch thick lump on the underside.",battery,negative,negative,True
452,if yo like aspect_term this is the laptop for you.,practicality,positive,positive,True
453,The aspect_term is great.,OS,positive,positive,True
454,I tried several aspect_term and several aspect_term and this was the case each time.,monitors,neutral,neutral,True
455,I tried several aspect_term and several aspect_term and this was the case each time.,HDMI cables,neutral,neutral,True
456,"CONS: aspect_term is a bit ridiculous, kinda heavy.",Price,negative,negative,True
457,The troubleshooting said it was the aspect_term so we ordered a new one.,AC adaptor,neutral,neutral,True
458,aspect_term only comes on when you are aspect_term.,Fan,neutral,neutral,True
459,aspect_term only comes on when you are aspect_term.,playing a game,neutral,neutral,True
460,"Which it did not have, only 3 aspect_term.",USB 2 ports,neutral,neutral,True
461,No aspect_term was not included but that may be my fault.,startup disk,neutral,negative,False
462,There is no aspect_term.,"""tools"" menu",neutral,negative,False
463,It is very fast and has everything that I need except for a aspect_term.,word program,negative,positive,False
464,Needs a aspect_term and a bigger aspect_term.,CD/DVD drive,neutral,positive,False
465,Needs a aspect_term and a bigger aspect_term.,power switch,negative,positive,False
466,My laptop with aspect_term crashed and I did not want aspect_term.,Windows 7,negative,negative,True
467,My laptop with aspect_term crashed and I did not want aspect_term.,Windows 8,negative,negative,True
468,Easy to aspect_term also small to leave anywhere at your bedroom also very easy to aspect_term.,install,positive,positive,True
469,Easy to aspect_term also small to leave anywhere at your bedroom also very easy to aspect_term.,configure for ADSl cable or wifi,positive,positive,True
470,Nice aspect_term.,packing,positive,positive,True
471,"I switched to this because I wanted something different, even though I miss aspect_term.",windows,positive,positive,True
472,"Apple no longer includes aspect_term with the computer and furthermore, Apple doesn't even offer it anymore!",iDVD,negative,negative,True
473,"I also wanted aspect_term, which this one has.",Windows 7,positive,positive,True
474,"At first, I feel a little bit uncomfortable in using the aspect_term.",Mac system,negative,positive,False
475,I am used to computers with aspect_term so I am having a little difficulty finding my way around.,windows,neutral,neutral,True
476,It just aspect_term out of the box and you have a lot of cool aspect_term included with the aspect_term.,works,positive,positive,True
477,It just aspect_term out of the box and you have a lot of cool aspect_term included with the aspect_term.,software,positive,positive,True
478,It just aspect_term out of the box and you have a lot of cool aspect_term included with the aspect_term.,OS,neutral,positive,False
479,its as advertised on here..... it aspect_term great and is not a waste of money!,works,positive,positive,True
480,aspect_term like a champ.....,Runs,positive,negative,False
481,Premium aspect_term for the aspect_term more than anything else.,price,positive,positive,True
482,Premium aspect_term for the aspect_term more than anything else.,OS,neutral,positive,False
483,"I was a little concerned about the aspect_term based on reviews, but I've found it fine to work with.",touch pad,positive,negative,False
484,"The sound as mentioned earlier isn't the best, but it can be solved with aspect_term.",headphones,neutral,neutral,True
485,"However, the experience was great since the aspect_term does not become unstable and the aspect_term will simply shutdown and reopen.",OS,positive,negative,False
486,"However, the experience was great since the aspect_term does not become unstable and the aspect_term will simply shutdown and reopen.",application,positive,negative,False
487,"If you ask me, for this aspect_term it should be included.",price,negative,negative,True
488,The aspect_term is not as shown in the product photos.,battery,negative,negative,True
489,aspect_term was quick and product described was the product sent and so much more...,Shipping,positive,positive,True
490,the aspect_term make pictures i took years ago jaw dropping.,retina display display,positive,negative,False
491,The Mac Mini is probably the simplest example of aspect_term out there.,compact computing,positive,positive,True
492,"Instead, I'll focus more on the actual aspect_term itself so you can make an educated decision on which Mac to buy.",performance and feature set of the hardware,neutral,negative,False
493,"Other aspect_term include aspect_term, aspect_term, aspect_term, aspect_term.",ports,neutral,neutral,True
494,"Other aspect_term include aspect_term, aspect_term, aspect_term, aspect_term.",FireWire 800,neutral,neutral,True
495,"Other aspect_term include aspect_term, aspect_term, aspect_term, aspect_term.",Gigabit Ethernet,neutral,neutral,True
496,"Other aspect_term include aspect_term, aspect_term, aspect_term, aspect_term.",MagSafe port,neutral,neutral,True
497,"Other aspect_term include aspect_term, aspect_term, aspect_term, aspect_term.",Microphone jack,neutral,neutral,True
498,"Additionally, there is barely a aspect_term in the computer, and even the simple activity of aspect_term let alone aspect_term causes the laptop to get very very hot, and in fact impossible to keep on lap.",ventilation system,negative,positive,False
499,"Additionally, there is barely a aspect_term in the computer, and even the simple activity of aspect_term let alone aspect_term causes the laptop to get very very hot, and in fact impossible to keep on lap.",watching videos,neutral,positive,False
500,"Additionally, there is barely a aspect_term in the computer, and even the simple activity of aspect_term let alone aspect_term causes the laptop to get very very hot, and in fact impossible to keep on lap.",playing steam games,neutral,negative,False
501,"Chatting with aspect_term, I was advised the problem was corrupted aspect_term.",Acer support,neutral,negative,False
502,"Chatting with aspect_term, I was advised the problem was corrupted aspect_term.",operating system files,neutral,negative,False
503,It's been a couple weeks since the purchase and I'm struggle with finding the correct aspect_term (but that was expected).,keys,neutral,negative,False
504,"Many people complain about the new aspect_term, and it's urgent for Apple to fix it asap!",OS,negative,negative,True
505,Now that I have upgraded to aspect_term I am much happier about aspect_term and have just bought an iMac for office.,Lion,positive,positive,True
506,Now that I have upgraded to aspect_term I am much happier about aspect_term and have just bought an iMac for office.,MAC OS,positive,positive,True
507,User upgradeable aspect_term and aspect_term.,RAM,positive,positive,True
508,User upgradeable aspect_term and aspect_term.,HDD,positive,positive,True
509,But I wanted the Pro for the aspect_term.,CD/DVD player,positive,positive,True
510,I was a little worry at first because I don't have a lot of experience with aspect_term and aspect_term has always been second nature to me after many years of using aspect_term.,os.x,neutral,neutral,True
511,I was a little worry at first because I don't have a lot of experience with aspect_term and aspect_term has always been second nature to me after many years of using aspect_term.,windows,positive,positive,True
512,I was a little worry at first because I don't have a lot of experience with aspect_term and aspect_term has always been second nature to me after many years of using aspect_term.,windows,neutral,neutral,True
513,With the aspect_term supporting the use of other aspect_term makes it much better.,softwares,neutral,neutral,True
514,With the aspect_term supporting the use of other aspect_term makes it much better.,OS,neutral,positive,False
515,I then upgraded to aspect_term.,"Mac OS X 10.8 ""Mountain Lion""",neutral,neutral,True
516,"I was considering buying the Air, but in reality, this one has a more powerful aspect_term and seems much more convenient, even though it's about .20 inch thicker and 2 lbs heavier.",performance,positive,positive,True
517,"At home and the office it gets plugged into an aspect_term, so aspect_term is not terribly important.","external 24"" LCD screen",neutral,neutral,True
518,"At home and the office it gets plugged into an aspect_term, so aspect_term is not terribly important.",built in screen size,neutral,negative,False
519,Just beware no aspect_term so when I went to aspect_term I had on CD I couldn't.,DVD slot,neutral,negative,False
520,Just beware no aspect_term so when I went to aspect_term I had on CD I couldn't.,install software,negative,negative,True
521,"I bought it to be able to dedicate a small, portable laptop to my writing and was surprised to learn that I needed to buy a aspect_term to do so.",word processing program,neutral,neutral,True
522,"This version of MacBook Pro runs on a aspect_term, not the latest aspect_term the 2013 version has.","third-generation CPU (""Ivy Bridge"")",neutral,neutral,True
523,"This version of MacBook Pro runs on a aspect_term, not the latest aspect_term the 2013 version has.",fourth-generation Haswell CPU,neutral,neutral,True
524,No aspect_term in the new version there's no way I'm spending that kind of money on something has less aspect_term than the older version.,Cd Rom,neutral,negative,False
525,No aspect_term in the new version there's no way I'm spending that kind of money on something has less aspect_term than the older version.,features,negative,negative,True
526,the aspect_term is really low to low for a laptopwas not expectin t aspect_term to be so lowan i hate that about this computer,volume,negative,positive,False
527,the aspect_term is really low to low for a laptopwas not expectin t aspect_term to be so lowan i hate that about this computer,volume,negative,negative,True
528,and its not hard to accidentally bang it against something so i recommend getting a aspect_term to protect it.,case,neutral,neutral,True
529,I got this at an amazing aspect_term from Amazon and it arrived just in time.,price,positive,positive,True
530,"Every time I aspect_term after a few hours, there is this endlessly frustrating process that I have to go through.",log into the system,negative,neutral,False
531,"Put a aspect_term and use a aspect_term, this aspect_term is silky smooth!",SSD,neutral,positive,False
532,"Put a aspect_term and use a aspect_term, this aspect_term is silky smooth!","21"" LED screen",neutral,neutral,True
533,"Put a aspect_term and use a aspect_term, this aspect_term is silky smooth!",set up,positive,positive,True
534,"The aspect_term is now slightly larger than the previous generation, but the lack of an aspect_term justifies the small increase in size.",case,negative,negative,True
535,"The aspect_term is now slightly larger than the previous generation, but the lack of an aspect_term justifies the small increase in size.",external power supply,neutral,negative,False
536,"I had to buy a aspect_term to go with it, as I am old school and hate the aspect_term, but knew that before I bought it, now it aspect_term great, need to get adjusted to the aspect_term, as I am used to a bigger one and pounding.",wireless mouse,neutral,neutral,True
537,"I had to buy a aspect_term to go with it, as I am old school and hate the aspect_term, but knew that before I bought it, now it aspect_term great, need to get adjusted to the aspect_term, as I am used to a bigger one and pounding.",pad,negative,negative,True
538,"I had to buy a aspect_term to go with it, as I am old school and hate the aspect_term, but knew that before I bought it, now it aspect_term great, need to get adjusted to the aspect_term, as I am used to a bigger one and pounding.",works,positive,positive,True
539,"I had to buy a aspect_term to go with it, as I am old school and hate the aspect_term, but knew that before I bought it, now it aspect_term great, need to get adjusted to the aspect_term, as I am used to a bigger one and pounding.",key board,neutral,neutral,True
540,"When considering a Mac, look at the total aspect_term and not just the initial aspect_term.",cost of ownership,neutral,neutral,True
541,"When considering a Mac, look at the total aspect_term and not just the initial aspect_term.",price tag,neutral,neutral,True
542,"Has all the other aspect_term I wanted including a aspect_term, aspect_term, aspect_term and 3 aspect_term.",features,positive,positive,True
543,"Has all the other aspect_term I wanted including a aspect_term, aspect_term, aspect_term and 3 aspect_term.",VGA port,neutral,neutral,True
544,"Has all the other aspect_term I wanted including a aspect_term, aspect_term, aspect_term and 3 aspect_term.",HDMI,neutral,neutral,True
545,"Has all the other aspect_term I wanted including a aspect_term, aspect_term, aspect_term and 3 aspect_term.",ethernet,neutral,neutral,True
546,"Has all the other aspect_term I wanted including a aspect_term, aspect_term, aspect_term and 3 aspect_term.",USB ports,neutral,neutral,True
547,The only thing I dislike about this laptop are the aspect_term found on the bottom of the computer for grip.,rubber pads,negative,negative,True
548,It's a decent computer for the aspect_term and hopefully it will last a long time.,price,neutral,positive,False
549,The nicest  part is the low aspect_term and ultra quiet aspect_term.,heat output,positive,positive,True
550,The nicest  part is the low aspect_term and ultra quiet aspect_term.,operation,positive,positive,True
551,I will aspect_term myself (because with this model you can you can do it) later on.,upgrade the ram,positive,neutral,False
552,The aspect_term is 200 dollars down.,price,positive,positive,True
553,"this Mac Mini does not have a aspect_term, and it would seem that its aspect_term does not handle aspect_term properly.",built-in mic,neutral,negative,False
554,"this Mac Mini does not have a aspect_term, and it would seem that its aspect_term does not handle aspect_term properly.",Mac OS 10.9,negative,negative,True
555,"this Mac Mini does not have a aspect_term, and it would seem that its aspect_term does not handle aspect_term properly.",external microphones,neutral,negative,False
556,A lot of aspect_term and aspect_term on the MBP that I was never exposed to on a normal PC.,features,neutral,positive,False
557,A lot of aspect_term and aspect_term on the MBP that I was never exposed to on a normal PC.,shortcuts,neutral,positive,False
558,Wasn't sure if I was going to like it much less love it so I went to a local best buy and played around with the aspect_term on a Mac Pro and it was totally unique and different.,IOS system,positive,positive,True
559,air has higher aspect_term but the aspect_term are small.,resolution,positive,negative,False
560,air has higher aspect_term but the aspect_term are small.,fonts,negative,negative,True
561,"aspect_term with Mac is so much easier, so many cool aspect_term.",working,positive,positive,True
562,"aspect_term with Mac is so much easier, so many cool aspect_term.",features,positive,positive,True
563,I like the aspect_term and aspect_term.,brightness,positive,positive,True
564,I like the aspect_term and aspect_term.,adjustments,positive,positive,True
565,I only wish this mac had a aspect_term built in.,CD/DVD player,neutral,neutral,True
566,The only thing I miss is that my old Alienware laptop had aspect_term.,backlit keys,negative,neutral,False
567,The only thing I miss are the aspect_term and other things that I grew accustomed to after so long.,"""Home/End"" type keys",neutral,positive,False
568,"So happy with this purchase, I just wish it came with aspect_term.",Microsoft Word,neutral,neutral,True
569,It has enough aspect_term and aspect_term to run my business with all the aspect_term that comes with a laptop.,memory,positive,positive,True
570,It has enough aspect_term and aspect_term to run my business with all the aspect_term that comes with a laptop.,speed,positive,positive,True
571,It has enough aspect_term and aspect_term to run my business with all the aspect_term that comes with a laptop.,flexibility,positive,positive,True
572,"The aspect_term, the aspect_term, the aspect_term.. it is lightyears ahead of any PC I have ever owned.",speed,positive,negative,False
573,"The aspect_term, the aspect_term, the aspect_term.. it is lightyears ahead of any PC I have ever owned.",simplicity,positive,negative,False
574,"The aspect_term, the aspect_term, the aspect_term.. it is lightyears ahead of any PC I have ever owned.",design,positive,negative,False
575,"The aspect_term is excellent, the aspect_term is excellent, and aspect_term is a  breeze.",battery life,positive,positive,True
576,"The aspect_term is excellent, the aspect_term is excellent, and aspect_term is a  breeze.",display,positive,positive,True
577,"The aspect_term is excellent, the aspect_term is excellent, and aspect_term is a  breeze.",downloading apps,positive,positive,True
578,"The aspect_term, the aspect_term and the smoothness of the aspect_term.",screen,positive,positive,True
579,"The aspect_term, the aspect_term and the smoothness of the aspect_term.",software,positive,positive,True
580,"The aspect_term, the aspect_term and the smoothness of the aspect_term.",operating system,positive,positive,True
581,i have dropped mine a couple times with only a aspect_term covering it.,slim plastic case,neutral,neutral,True
582,I also made a aspect_term.,recovery USB stick,neutral,neutral,True
583,"But with this laptop, the aspect_term is very weak and the aspect_term comes out sounding tinny.",bass,negative,negative,True
584,"But with this laptop, the aspect_term is very weak and the aspect_term comes out sounding tinny.",sound,negative,negative,True
585,"The aspect_term is really good, I was so Happy and excited about this Product.",built quality,positive,positive,True
586,I am loving the fast aspect_term also.,performance,positive,positive,True
587,"Further, this Mac Mini has a sloppy aspect_term (courtesy of the aspect_term) and the aspect_term is poor.",Bluetooth interface,negative,negative,True
588,"Further, this Mac Mini has a sloppy aspect_term (courtesy of the aspect_term) and the aspect_term is poor.",Mac OS,negative,negative,True
589,"Further, this Mac Mini has a sloppy aspect_term (courtesy of the aspect_term) and the aspect_term is poor.",range,negative,negative,True
590,If you start on the far right side and scroll to your left the aspect_term will automatically come up.,start menu,neutral,neutral,True
591,My only gripe would be the need to add more aspect_term.,RAM,negative,negative,True
592,Fine if you have a aspect_term.,touch screen,neutral,neutral,True
593,"As far as user type - I dabble in everything from aspect_term (WoW) to aspect_term, but nothing professionally.",games,neutral,neutral,True
594,"As far as user type - I dabble in everything from aspect_term (WoW) to aspect_term, but nothing professionally.",Photoshop,neutral,neutral,True
595,I re-seated the aspect_term inside and re-installed the aspect_term.,"""WLAN"" card",neutral,positive,False
596,I re-seated the aspect_term inside and re-installed the aspect_term.,LAN device drivers,neutral,positive,False
597,"This by far beats any computer out on the market today aspect_term well, aspect_term AMAZING.",built,positive,positive,True
598,"This by far beats any computer out on the market today aspect_term well, aspect_term AMAZING.",battery life,positive,positive,True
599,"The aspect_term is easy, and offers all kinds of surprises.",OS,positive,positive,True
600,I had to get aspect_term to correct the problem.,Apple Customer Support,neutral,negative,False
601,A veryimportant feature is aspect_term which in my experience works better then aspect_term ( in PC enabled with aspect_term ) I was not originally sold on the aspect_term I felt it was inferior in many ways To aspect_term.,Firewire 800,positive,positive,True
602,A veryimportant feature is aspect_term which in my experience works better then aspect_term ( in PC enabled with aspect_term ) I was not originally sold on the aspect_term I felt it was inferior in many ways To aspect_term.,USB3,negative,negative,True
603,A veryimportant feature is aspect_term which in my experience works better then aspect_term ( in PC enabled with aspect_term ) I was not originally sold on the aspect_term I felt it was inferior in many ways To aspect_term.,USB3,neutral,neutral,True
604,A veryimportant feature is aspect_term which in my experience works better then aspect_term ( in PC enabled with aspect_term ) I was not originally sold on the aspect_term I felt it was inferior in many ways To aspect_term.,MAC OS,negative,neutral,False
605,A veryimportant feature is aspect_term which in my experience works better then aspect_term ( in PC enabled with aspect_term ) I was not originally sold on the aspect_term I felt it was inferior in many ways To aspect_term.,Windows 7,positive,neutral,False
606,"I like aspect_term, the apparent aspect_term, the aspect_term, all the nice aspect_term.",iTunes,positive,positive,True
607,"I like aspect_term, the apparent aspect_term, the aspect_term, all the nice aspect_term.",security,positive,positive,True
608,"I like aspect_term, the apparent aspect_term, the aspect_term, all the nice aspect_term.",Mini form factor,positive,positive,True
609,"I like aspect_term, the apparent aspect_term, the aspect_term, all the nice aspect_term.",graphics stuff,positive,positive,True
610,The first time I used the aspect_term it took half an hour and a pair of tweezers to aspect_term.,card reader,negative,neutral,False
611,The first time I used the aspect_term it took half an hour and a pair of tweezers to aspect_term.,remove the card,negative,neutral,False
612,"After replacing the aspect_term with an aspect_term, my mac is just flying.",spinning hard disk,neutral,neutral,True
613,"After replacing the aspect_term with an aspect_term, my mac is just flying.",ssd drive,positive,neutral,False
614,I know some people complained about aspect_term issues but they released a aspect_term to address that issue.,HDMI,neutral,negative,False
615,I know some people complained about aspect_term issues but they released a aspect_term to address that issue.,firmware patch,neutral,neutral,True
616,With the needs of a professional photographer I generally need to keep up with the best aspect_term.,specs,neutral,neutral,True
617,aspect_term and everything was perfect,packing,positive,positive,True
618,I called Toshiba where I gave them the serial number and they informed me that they were having issues with the aspect_term.,mother boards,neutral,neutral,True
619,"I seem to be having repeat problems as the aspect_term in this one is diagnosed as faulty, related to the aspect_term.",Mother Board,negative,negative,True
620,"I seem to be having repeat problems as the aspect_term in this one is diagnosed as faulty, related to the aspect_term.",graphics card,negative,negative,True
621,It also comes with aspect_term but if you're like me you want to max that out so I immediately put aspect_term in her and I've never used a computer that aspect_term better.,4G of RAM,neutral,positive,False
622,It also comes with aspect_term but if you're like me you want to max that out so I immediately put aspect_term in her and I've never used a computer that aspect_term better.,8G of RAM,neutral,neutral,True
623,It also comes with aspect_term but if you're like me you want to max that out so I immediately put aspect_term in her and I've never used a computer that aspect_term better.,performs,positive,neutral,False
624,This computer is also awesome for my sons aspect_term.,virtual home schooling,positive,positive,True
625,aspect_term is more as compared to other brands.,Cost,negative,positive,False
626,also...- excellent aspect_term - aspect_term and aspect_term for optimal aspect_term - excellent aspect_term - the aspect_term is unmatched by any other brand-,operating system,positive,positive,True
627,also...- excellent aspect_term - aspect_term and aspect_term for optimal aspect_term - excellent aspect_term - the aspect_term is unmatched by any other brand-,size,positive,positive,True
628,also...- excellent aspect_term - aspect_term and aspect_term for optimal aspect_term - excellent aspect_term - the aspect_term is unmatched by any other brand-,weight,positive,positive,True
629,also...- excellent aspect_term - aspect_term and aspect_term for optimal aspect_term - excellent aspect_term - the aspect_term is unmatched by any other brand-,mobility,positive,positive,True
630,also...- excellent aspect_term - aspect_term and aspect_term for optimal aspect_term - excellent aspect_term - the aspect_term is unmatched by any other brand-,durability of the battery,positive,positive,True
631,also...- excellent aspect_term - aspect_term and aspect_term for optimal aspect_term - excellent aspect_term - the aspect_term is unmatched by any other brand-,functions provided by the trackpad,positive,positive,True
632,This aspect_term seems to be better than the iMac in that it isn't $1400 and smaller.,hardware,positive,negative,False
633,I've had it for about 2 months now and found no issues with aspect_term or aspect_term.,software,neutral,negative,False
634,I've had it for about 2 months now and found no issues with aspect_term or aspect_term.,updates,neutral,negative,False
635,the latest version does not have a aspect_term.,disc drive,neutral,neutral,True
636,aspect_term - although some people might complain about low aspect_term which I think is ridiculous.,Screen,positive,positive,True
637,aspect_term - although some people might complain about low aspect_term which I think is ridiculous.,res,positive,positive,True
